{
  "timestamp": 1758676480.7365568,
  "translation_m": [
    0.09413040652450075,
    0.09037075828656208,
    -0.8209921703807618
  ],
  "quaternion_xyzw": [
    0.07324884925477719,
    -0.24145337198362626,
    0.011757928614016713,
    -0.967572543200403
  ],
  "used_tags": [
    0,
    1,
    2,
    3
  ],
  "params_file": "partB/calib_out/intrinsics.npz",
  "world_file": "partC/world_tags_custom.json"
}