{
  "timestamp": 1758677901.565128,
  "translation_m": [
    0.05419807694217487,
    0.048155931003064874,
    -0.5028366214921345
  ],
  "quaternion_xyzw": [
    0.06613172127741006,
    -0.23674982720621784,
    0.015193774572415062,
    -0.969198258341891
  ],
  "used_tags": [
    0,
    1,
    2,
    3
  ],
  "params_file": "partB/calib_out/intrinsics.npz",
  "world_file": "partC/world_tags_custom.json",
  "frame_undistorted": true,
  "undistort_alpha": 0.0,
  "cam_matrix": [
    [
      556.3842244281303,
      0.0,
      322.287986102996
    ],
    [
      0.0,
      559.5714292678767,
      217.31240714722247
    ],
    [
      0.0,
      0.0,
      1.0
    ]
  ]
}