{
  "timestamp": 1758678975.5086133,
  "translation_m": [
    0.06574720506558568,
    -0.022552548579811045,
    -0.494924559080172
  ],
  "quaternion_xyzw": [
    0.002382344496910139,
    -0.24986409976330093,
    0.03994139043618228,
    -0.9674538445911502
  ],
  "used_tags": [
    0,
    1,
    2,
    3
  ],
  "params_file": "partB/calib_out/intrinsics.npz",
  "world_file": "partC/world_tags_custom.json",
  "frame_undistorted": true,
  "undistort_alpha": 0.0,
  "cam_matrix": [
    [
      556.3842244281303,
      0.0,
      322.287986102996
    ],
    [
      0.0,
      559.5714292678767,
      217.31240714722247
    ],
    [
      0.0,
      0.0,
      1.0
    ]
  ]
}