{
  "image_size": [
    640,
    480
  ],
  "K": [
    [
      691.5891665058762,
      0.0,
      287.373520243989
    ],
    [
      0.0,
      692.628467864076,
      212.04500056313046
    ],
    [
      0.0,
      0.0,
      1.0
    ]
  ],
  "dist_coeffs": [
    -22.600795830909384,
    184.93589958099622,
    0.003684712721425502,
    0.010155142059160058,
    25.61310626871257,
    -22.107476276157055,
    173.80542969394307,
    115.16838045002201,
    0.0,
    0.0,
    0.0,
    0.0,
    0.0,
    0.0
  ],
  "mean_reprojection_error_px": 0.5312245942652225,
  "per_image_errors_px": {
    "cb_000.png": 0.28452178835868835,
    "cb_001.png": 0.5155187845230103,
    "cb_002.png": 0.5091756582260132,
    "cb_003.png": 0.549885094165802,
    "cb_004.png": 0.8077138066291809,
    "cb_005.png": 0.4758986830711365,
    "cb_006.png": 1.4519864320755005,
    "cb_007.png": 0.5272608399391174,
    "cb_008.png": 0.4719387888908386,
    "cb_009.png": 0.35871195793151855,
    "cb_010.png": 0.5280974507331848,
    "cb_011.png": 0.5350332260131836,
    "cb_012.png": 0.40705016255378723,
    "cb_013.png": 0.37396907806396484,
    "cb_014.png": 0.46609941124916077,
    "cb_015.png": 0.43886035680770874,
    "cb_016.png": 0.1976788491010666,
    "cb_017.png": 0.42272329330444336,
    "cb_018.png": 1.1331188678741455,
    "cb_019.png": 0.16924935579299927
  }
}