{
  "image_size": [
    1920,
    1080
  ],
  "K": [
    [
      1421.957170989104,
      0.0,
      936.1693420371876
    ],
    [
      0.0,
      1438.8406453267814,
      518.8717849295615
    ],
    [
      0.0,
      0.0,
      1.0
    ]
  ],
  "dist_coeffs": [
    -0.19107769459405802,
    -69.93705871027632,
    -0.00514997639658384,
    0.003759598645294455,
    -45.955662791532404,
    0.1671993363190606,
    -69.97511075474283,
    -73.15499040627438,
    0.0,
    0.0,
    0.0,
    0.0,
    0.0,
    0.0
  ],
  "mean_reprojection_error_px": 0.3842139015595118,
  "per_image_errors_px": {
    "cb_000.png": 0.45584261417388916,
    "cb_001.png": 0.4595918655395508,
    "cb_002.png": 0.44803163409233093,
    "cb_003.png": 0.4526757001876831,
    "cb_004.png": 0.21929384768009186,
    "cb_005.png": 0.4894897937774658,
    "cb_006.png": 0.35436058044433594,
    "cb_007.png": 0.4268152117729187,
    "cb_008.png": 0.4004174470901489,
    "cb_009.png": 0.4333701431751251,
    "cb_010.png": 0.33269959688186646,
    "cb_011.png": 0.4362254738807678,
    "cb_012.png": 0.28555431962013245,
    "cb_013.png": 0.28307366371154785,
    "cb_014.png": 0.2857666313648224
  }
}
