{
  "image_size": [
    640,
    480
  ],
  "K": [
    [
      556.3842244281303,
      0.0,
      322.287986102996
    ],
    [
      0.0,
      559.5714292678767,
      217.31240714722247
    ],
    [
      0.0,
      0.0,
      1.0
    ]
  ],
  "dist_coeffs": [
    -1.0997919590303875,
    -13.6724855939422,
    -1.1084661033383214e-05,
    -0.004209722668001865,
    -4.027403656799891,
    -0.8167159504567248,
    -13.902806199107218,
    -8.512448048386371,
    0.0,
    0.0,
    0.0,
    0.0,
    0.0,
    0.0
  ],
  "mean_reprojection_error_px": 0.19793518930673598,
  "per_image_errors_px": {
    "cb_000.png": 0.13104063272476196,
    "cb_001.png": 0.13697101175785065,
    "cb_002.png": 0.13376648724079132,
    "cb_003.png": 0.23332351446151733,
    "cb_004.png": 0.23016934096813202,
    "cb_005.png": 0.23424644768238068,
    "cb_006.png": 0.22259649634361267,
    "cb_007.png": 0.21233326196670532,
    "cb_008.png": 0.18728196620941162,
    "cb_009.png": 0.19679294526576996,
    "cb_010.png": 0.19090257585048676,
    "cb_011.png": 0.21379032731056213,
    "cb_012.png": 0.2282954603433609,
    "cb_013.png": 0.22793613374233246,
    "cb_014.png": 0.22368043661117554,
    "cb_015.png": 0.21527141332626343,
    "cb_016.png": 0.1482004076242447,
    "cb_017.png": 0.15163134038448334,
    "cb_018.png": 0.15596497058868408,
    "cb_019.png": 0.284508615732193
  }
}